"ribbon src","imgthumbnail href","imgthumbnail src","product-name","stock-qty","list-attribute","rrp","has-savings-price","price","has-vat-price","label 2","buttons","group-focus","group-focus 2","group-focus 3","responsive src"
"https://eu.evocdn.io/dealer/1048/content/media/badge-bestseller2.svg","https://www.officemonster.co.uk/pedestals/desk-high-3-drawer-pedestal-with-silver-handles-600mm-deep-beech","https://cdn3.evostore.io/productimages/dams/l/r25dh6b.jpg","Desk high 3 drawer pedestal with silver handles 600mm deep - beech","256","600mm deep three drawer desk high pedestal","RRP
                                    £416.00","64","£150.00","£180.00","Product Code: R25DH6B","$t_item = {};
                                $t_item.item_id = 1140888;
                                $t_item.item_sku = ""R25DH6B"";
                                $t_item.item_catalog_id = 1036;
                                $t_item.item_supplier_id = 1010;
                                $t_item.item_is_multiple = 0;
                                $t_item.item_minimum_order = 1;
                                $t_item.item_maximum_order = 0;
                                $t_item.item_is_contract = 0;
                                $t_item.item_name = ""Desk high 3 drawer pedestal with silver handles 600mm deep - beech"";
                                $t_item.item_image_thumbnail_path = 'https://cdn3.evostore.io/productimages/dams/m/';
                                $t_item.item_image_thumbnail = 'r25dh6b.jpg';
                                $t_item.item_image_xl = '';
                                $t_item.item_image_xl_path = '';
                                $t_item.item_cost_center_id = 0;
                                $t_item.pack_uom = ""1"";
                                $t_item.item_department_id = 0;
                                $t_item.item_pack = ""1"";
                                $t_item.item_images = [{""title_image"":null,""image_thumbnail"":""m25hl-santana-home-office.jpg"",""image_thumbnail_path"":""https:\/\/cdn3.evostore.io\/productimages\/dams\/m\/"",""image"":""m25hl-santana-home-office.jpg"",""image_path"":""https:\/\/cdn3.evostore.io\/productimages\/dams\/l\/"",""image_large"":null,""image_large_path"":null,""image_link"":""https:\/\/cdn3.evostore.io\/productimages\/dams\/l\/m25hl-santana-home-office.jpg"",""thumbnail_link"":""https:\/\/cdn3.evostore.io\/productimages\/dams\/m\/m25hl-santana-home-office.jpg"",""image_large_link"":"""",""image_zoom_link"":""https:\/\/cdn3.evostore.io\/productimages\/dams\/l\/m25hl-santana-home-office.jpg"",""image_view_link"":""https:\/\/cdn3.evostore.io\/productimages\/dams\/l\/m25hl-santana-home-office.jpg""},{""title_image"":null,""image_thumbnail"":""maestro25-bundles.jpg"",""image_thumbnail_path"":""https:\/\/cdn3.evostore.io\/productimages\/dams\/m\/"",""image"":""maestro25-bundles.jpg"",""image_path"":""https:\/\/cdn3.evostore.io\/productimages\/dams\/l\/"",""image_large"":null,""image_large_path"":null,""image_link"":""https:\/\/cdn3.evostore.io\/productimages\/dams\/l\/maestro25-bundles.jpg"",""thumbnail_link"":""https:\/\/cdn3.evostore.io\/productimages\/dams\/m\/maestro25-bundles.jpg"",""image_large_link"":"""",""image_zoom_link"":""https:\/\/cdn3.evostore.io\/productimages\/dams\/l\/maestro25-bundles.jpg"",""image_view_link"":""https:\/\/cdn3.evostore.io\/productimages\/dams\/l\/maestro25-bundles.jpg""}];
                                $t_item.item_price_type = 0;
                                $t_item.item_price_unit = 1;
                                $t_item.modifiers = JSON.parse('null');

                                var obj_1356924 = JSON.parse(JSON.stringify($t_item));","","","",""
"https://eu.evocdn.io/dealer/1048/content/media/badge-bestseller2.svg","https://www.officemonster.co.uk/pedestals/desk-high-3-drawer-pedestal-with-silver-handles-600mm-deep-oak","https://cdn3.evostore.io/productimages/dams/l/r25dh6o.jpg","Desk high 3 drawer pedestal with silver handles 600mm deep - oak","355","600mm deep three drawer desk high pedestal","RRP
                                    £416.00","64","£150.00","£180.00","Product Code: R25DH6O","$t_item = {};
                                $t_item.item_id = 1140890;
                                $t_item.item_sku = ""R25DH6O"";
                                $t_item.item_catalog_id = 1036;
                                $t_item.item_supplier_id = 1010;
                                $t_item.item_is_multiple = 0;
                                $t_item.item_minimum_order = 1;
                                $t_item.item_maximum_order = 0;
                                $t_item.item_is_contract = 0;
                                $t_item.item_name = ""Desk high 3 drawer pedestal with silver handles 600mm deep - oak"";
                                $t_item.item_image_thumbnail_path = 'https://cdn3.evostore.io/productimages/dams/m/';
                                $t_item.item_image_thumbnail = 'r25dh6o.jpg';
                                $t_item.item_image_xl = '';
                                $t_item.item_image_xl_path = '';
                                $t_item.item_cost_center_id = 0;
                                $t_item.pack_uom = ""1"";
                                $t_item.item_department_id = 0;
                                $t_item.item_pack = ""1"";
                                $t_item.item_images = [{""title_image"":null,""image_thumbnail"":""m25hl-santana-home-office.jpg"",""image_thumbnail_path"":""https:\/\/cdn3.evostore.io\/productimages\/dams\/m\/"",""image"":""m25hl-santana-home-office.jpg"",""image_path"":""https:\/\/cdn3.evostore.io\/productimages\/dams\/l\/"",""image_large"":null,""image_large_path"":null,""image_link"":""https:\/\/cdn3.evostore.io\/productimages\/dams\/l\/m25hl-santana-home-office.jpg"",""thumbnail_link"":""https:\/\/cdn3.evostore.io\/productimages\/dams\/m\/m25hl-santana-home-office.jpg"",""image_large_link"":"""",""image_zoom_link"":""https:\/\/cdn3.evostore.io\/productimages\/dams\/l\/m25hl-santana-home-office.jpg"",""image_view_link"":""https:\/\/cdn3.evostore.io\/productimages\/dams\/l\/m25hl-santana-home-office.jpg""},{""title_image"":null,""image_thumbnail"":""maestro25-bundles.jpg"",""image_thumbnail_path"":""https:\/\/cdn3.evostore.io\/productimages\/dams\/m\/"",""image"":""maestro25-bundles.jpg"",""image_path"":""https:\/\/cdn3.evostore.io\/productimages\/dams\/l\/"",""image_large"":null,""image_large_path"":null,""image_link"":""https:\/\/cdn3.evostore.io\/productimages\/dams\/l\/maestro25-bundles.jpg"",""thumbnail_link"":""https:\/\/cdn3.evostore.io\/productimages\/dams\/m\/maestro25-bundles.jpg"",""image_large_link"":"""",""image_zoom_link"":""https:\/\/cdn3.evostore.io\/productimages\/dams\/l\/maestro25-bundles.jpg"",""image_view_link"":""https:\/\/cdn3.evostore.io\/productimages\/dams\/l\/maestro25-bundles.jpg""}];
                                $t_item.item_price_type = 0;
                                $t_item.item_price_unit = 1;
                                $t_item.modifiers = JSON.parse('null');

                                var obj_1356926 = JSON.parse(JSON.stringify($t_item));","","","",""
"https://eu.evocdn.io/dealer/1048/content/media/badge-bestseller2.svg","https://www.officemonster.co.uk/pedestals/desk-high-3-drawer-pedestal-with-silver-handles-600mm-deep-walnut","https://cdn3.evostore.io/productimages/dams/l/r25dh6w.jpg","Desk high 3 drawer pedestal with silver handles 600mm deep - walnut","66","600mm deep three drawer desk high pedestal","RRP
                                    £416.00","64","£150.00","£180.00","Product Code: R25DH6W","$t_item = {};
                                $t_item.item_id = 1140891;
                                $t_item.item_sku = ""R25DH6W"";
                                $t_item.item_catalog_id = 1036;
                                $t_item.item_supplier_id = 1010;
                                $t_item.item_is_multiple = 0;
                                $t_item.item_minimum_order = 1;
                                $t_item.item_maximum_order = 0;
                                $t_item.item_is_contract = 0;
                                $t_item.item_name = ""Desk high 3 drawer pedestal with silver handles 600mm deep - walnut"";
                                $t_item.item_image_thumbnail_path = 'https://cdn3.evostore.io/productimages/dams/m/';
                                $t_item.item_image_thumbnail = 'r25dh6w.jpg';
                                $t_item.item_image_xl = '';
                                $t_item.item_image_xl_path = '';
                                $t_item.item_cost_center_id = 0;
                                $t_item.pack_uom = ""1"";
                                $t_item.item_department_id = 0;
                                $t_item.item_pack = ""1"";
                                $t_item.item_images = [{""title_image"":null,""image_thumbnail"":""m25hl-santana-home-office.jpg"",""image_thumbnail_path"":""https:\/\/cdn3.evostore.io\/productimages\/dams\/m\/"",""image"":""m25hl-santana-home-office.jpg"",""image_path"":""https:\/\/cdn3.evostore.io\/productimages\/dams\/l\/"",""image_large"":null,""image_large_path"":null,""image_link"":""https:\/\/cdn3.evostore.io\/productimages\/dams\/l\/m25hl-santana-home-office.jpg"",""thumbnail_link"":""https:\/\/cdn3.evostore.io\/productimages\/dams\/m\/m25hl-santana-home-office.jpg"",""image_large_link"":"""",""image_zoom_link"":""https:\/\/cdn3.evostore.io\/productimages\/dams\/l\/m25hl-santana-home-office.jpg"",""image_view_link"":""https:\/\/cdn3.evostore.io\/productimages\/dams\/l\/m25hl-santana-home-office.jpg""},{""title_image"":null,""image_thumbnail"":""maestro25-bundles.jpg"",""image_thumbnail_path"":""https:\/\/cdn3.evostore.io\/productimages\/dams\/m\/"",""image"":""maestro25-bundles.jpg"",""image_path"":""https:\/\/cdn3.evostore.io\/productimages\/dams\/l\/"",""image_large"":null,""image_large_path"":null,""image_link"":""https:\/\/cdn3.evostore.io\/productimages\/dams\/l\/maestro25-bundles.jpg"",""thumbnail_link"":""https:\/\/cdn3.evostore.io\/productimages\/dams\/m\/maestro25-bundles.jpg"",""image_large_link"":"""",""image_zoom_link"":""https:\/\/cdn3.evostore.io\/productimages\/dams\/l\/maestro25-bundles.jpg"",""image_view_link"":""https:\/\/cdn3.evostore.io\/productimages\/dams\/l\/maestro25-bundles.jpg""}];
                                $t_item.item_price_type = 0;
                                $t_item.item_price_unit = 1;
                                $t_item.modifiers = JSON.parse('null');

                                var obj_1356927 = JSON.parse(JSON.stringify($t_item));","","","",""
"https://eu.evocdn.io/dealer/1048/content/media/badge-bestseller2.svg","https://www.officemonster.co.uk/pedestals/desk-high-3-drawer-pedestal-with-silver-handles-600mm-deep-white","https://cdn3.evostore.io/productimages/dams/l/r25dh6wh.jpg","Desk high 3 drawer pedestal with silver handles 600mm deep - white","118","600mm deep three drawer desk high pedestal","RRP
                                    £416.00","64","£150.00","£180.00","Product Code: R25DH6WH","$t_item = {};
                                $t_item.item_id = 1140892;
                                $t_item.item_sku = ""R25DH6WH"";
                                $t_item.item_catalog_id = 1036;
                                $t_item.item_supplier_id = 1010;
                                $t_item.item_is_multiple = 0;
                                $t_item.item_minimum_order = 1;
                                $t_item.item_maximum_order = 0;
                                $t_item.item_is_contract = 0;
                                $t_item.item_name = ""Desk high 3 drawer pedestal with silver handles 600mm deep - white"";
                                $t_item.item_image_thumbnail_path = 'https://cdn3.evostore.io/productimages/dams/m/';
                                $t_item.item_image_thumbnail = 'r25dh6wh.jpg';
                                $t_item.item_image_xl = '';
                                $t_item.item_image_xl_path = '';
                                $t_item.item_cost_center_id = 0;
                                $t_item.pack_uom = ""1"";
                                $t_item.item_department_id = 0;
                                $t_item.item_pack = ""1"";
                                $t_item.item_images = [{""title_image"":null,""image_thumbnail"":""m25hl-santana-home-office.jpg"",""image_thumbnail_path"":""https:\/\/cdn3.evostore.io\/productimages\/dams\/m\/"",""image"":""m25hl-santana-home-office.jpg"",""image_path"":""https:\/\/cdn3.evostore.io\/productimages\/dams\/l\/"",""image_large"":null,""image_large_path"":null,""image_link"":""https:\/\/cdn3.evostore.io\/productimages\/dams\/l\/m25hl-santana-home-office.jpg"",""thumbnail_link"":""https:\/\/cdn3.evostore.io\/productimages\/dams\/m\/m25hl-santana-home-office.jpg"",""image_large_link"":"""",""image_zoom_link"":""https:\/\/cdn3.evostore.io\/productimages\/dams\/l\/m25hl-santana-home-office.jpg"",""image_view_link"":""https:\/\/cdn3.evostore.io\/productimages\/dams\/l\/m25hl-santana-home-office.jpg""},{""title_image"":null,""image_thumbnail"":""maestro25-bundles.jpg"",""image_thumbnail_path"":""https:\/\/cdn3.evostore.io\/productimages\/dams\/m\/"",""image"":""maestro25-bundles.jpg"",""image_path"":""https:\/\/cdn3.evostore.io\/productimages\/dams\/l\/"",""image_large"":null,""image_large_path"":null,""image_link"":""https:\/\/cdn3.evostore.io\/productimages\/dams\/l\/maestro25-bundles.jpg"",""thumbnail_link"":""https:\/\/cdn3.evostore.io\/productimages\/dams\/m\/maestro25-bundles.jpg"",""image_large_link"":"""",""image_zoom_link"":""https:\/\/cdn3.evostore.io\/productimages\/dams\/l\/maestro25-bundles.jpg"",""image_view_link"":""https:\/\/cdn3.evostore.io\/productimages\/dams\/l\/maestro25-bundles.jpg""}];
                                $t_item.item_price_type = 0;
                                $t_item.item_price_unit = 1;
                                $t_item.modifiers = JSON.parse('null');

                                var obj_1356928 = JSON.parse(JSON.stringify($t_item));","","","",""
"https://eu.evocdn.io/dealer/1048/content/media/badge-bestseller2.svg","https://www.officemonster.co.uk/pedestals/desk-high-3-drawer-pedestal-with-silver-handles-800mm-deep-beech","https://cdn3.evostore.io/productimages/dams/l/r25dh8b.jpg","Desk high 3 drawer pedestal with silver handles 800mm deep - beech","213","800mm extra deep three drawer desk high pedestal","RRP
                                    £455.00","62","£171.00","£205.20","Product Code: R25DH8B","$t_item = {};
                                $t_item.item_id = 1140893;
                                $t_item.item_sku = ""R25DH8B"";
                                $t_item.item_catalog_id = 1036;
                                $t_item.item_supplier_id = 1010;
                                $t_item.item_is_multiple = 0;
                                $t_item.item_minimum_order = 1;
                                $t_item.item_maximum_order = 0;
                                $t_item.item_is_contract = 0;
                                $t_item.item_name = ""Desk high 3 drawer pedestal with silver handles 800mm deep - beech"";
                                $t_item.item_image_thumbnail_path = 'https://cdn3.evostore.io/productimages/dams/m/';
                                $t_item.item_image_thumbnail = 'r25dh8b.jpg';
                                $t_item.item_image_xl = '';
                                $t_item.item_image_xl_path = '';
                                $t_item.item_cost_center_id = 0;
                                $t_item.pack_uom = ""1"";
                                $t_item.item_department_id = 0;
                                $t_item.item_pack = ""1"";
                                $t_item.item_images = [{""title_image"":null,""image_thumbnail"":""m25hl-santana-home-office.jpg"",""image_thumbnail_path"":""https:\/\/cdn3.evostore.io\/productimages\/dams\/m\/"",""image"":""m25hl-santana-home-office.jpg"",""image_path"":""https:\/\/cdn3.evostore.io\/productimages\/dams\/l\/"",""image_large"":null,""image_large_path"":null,""image_link"":""https:\/\/cdn3.evostore.io\/productimages\/dams\/l\/m25hl-santana-home-office.jpg"",""thumbnail_link"":""https:\/\/cdn3.evostore.io\/productimages\/dams\/m\/m25hl-santana-home-office.jpg"",""image_large_link"":"""",""image_zoom_link"":""https:\/\/cdn3.evostore.io\/productimages\/dams\/l\/m25hl-santana-home-office.jpg"",""image_view_link"":""https:\/\/cdn3.evostore.io\/productimages\/dams\/l\/m25hl-santana-home-office.jpg""},{""title_image"":null,""image_thumbnail"":""maestro25-bundles.jpg"",""image_thumbnail_path"":""https:\/\/cdn3.evostore.io\/productimages\/dams\/m\/"",""image"":""maestro25-bundles.jpg"",""image_path"":""https:\/\/cdn3.evostore.io\/productimages\/dams\/l\/"",""image_large"":null,""image_large_path"":null,""image_link"":""https:\/\/cdn3.evostore.io\/productimages\/dams\/l\/maestro25-bundles.jpg"",""thumbnail_link"":""https:\/\/cdn3.evostore.io\/productimages\/dams\/m\/maestro25-bundles.jpg"",""image_large_link"":"""",""image_zoom_link"":""https:\/\/cdn3.evostore.io\/productimages\/dams\/l\/maestro25-bundles.jpg"",""image_view_link"":""https:\/\/cdn3.evostore.io\/productimages\/dams\/l\/maestro25-bundles.jpg""}];
                                $t_item.item_price_type = 0;
                                $t_item.item_price_unit = 1;
                                $t_item.modifiers = JSON.parse('null');

                                var obj_1356929 = JSON.parse(JSON.stringify($t_item));","Buy More & Save","Buy
                                  6
                                  or more for
                                  £160.00
                                  each","Buy
                                  3
                                  or more for
                                  £166.00
                                  each","https://eu.evocdn.io/dealer/1048/content/media/Multibuy-and-discountbanner-purple.svg"
"https://eu.evocdn.io/dealer/1048/content/media/badge-bestseller2.svg","https://www.officemonster.co.uk/pedestals/desk-high-3-drawer-pedestal-with-silver-handles-800mm-deep-oak","https://cdn3.evostore.io/productimages/dams/l/r25dh8o.jpg","Desk high 3 drawer pedestal with silver handles 800mm deep - oak","104","800mm extra deep three drawer desk high pedestal","RRP
                                    £455.00","62","£171.00","£205.20","Product Code: R25DH8O","$t_item = {};
                                $t_item.item_id = 1140895;
                                $t_item.item_sku = ""R25DH8O"";
                                $t_item.item_catalog_id = 1036;
                                $t_item.item_supplier_id = 1010;
                                $t_item.item_is_multiple = 0;
                                $t_item.item_minimum_order = 1;
                                $t_item.item_maximum_order = 0;
                                $t_item.item_is_contract = 0;
                                $t_item.item_name = ""Desk high 3 drawer pedestal with silver handles 800mm deep - oak"";
                                $t_item.item_image_thumbnail_path = 'https://cdn3.evostore.io/productimages/dams/m/';
                                $t_item.item_image_thumbnail = 'r25dh8o.jpg';
                                $t_item.item_image_xl = '';
                                $t_item.item_image_xl_path = '';
                                $t_item.item_cost_center_id = 0;
                                $t_item.pack_uom = ""1"";
                                $t_item.item_department_id = 0;
                                $t_item.item_pack = ""1"";
                                $t_item.item_images = [{""title_image"":null,""image_thumbnail"":""m25hl-santana-home-office.jpg"",""image_thumbnail_path"":""https:\/\/cdn3.evostore.io\/productimages\/dams\/m\/"",""image"":""m25hl-santana-home-office.jpg"",""image_path"":""https:\/\/cdn3.evostore.io\/productimages\/dams\/l\/"",""image_large"":null,""image_large_path"":null,""image_link"":""https:\/\/cdn3.evostore.io\/productimages\/dams\/l\/m25hl-santana-home-office.jpg"",""thumbnail_link"":""https:\/\/cdn3.evostore.io\/productimages\/dams\/m\/m25hl-santana-home-office.jpg"",""image_large_link"":"""",""image_zoom_link"":""https:\/\/cdn3.evostore.io\/productimages\/dams\/l\/m25hl-santana-home-office.jpg"",""image_view_link"":""https:\/\/cdn3.evostore.io\/productimages\/dams\/l\/m25hl-santana-home-office.jpg""},{""title_image"":null,""image_thumbnail"":""maestro25-bundles.jpg"",""image_thumbnail_path"":""https:\/\/cdn3.evostore.io\/productimages\/dams\/m\/"",""image"":""maestro25-bundles.jpg"",""image_path"":""https:\/\/cdn3.evostore.io\/productimages\/dams\/l\/"",""image_large"":null,""image_large_path"":null,""image_link"":""https:\/\/cdn3.evostore.io\/productimages\/dams\/l\/maestro25-bundles.jpg"",""thumbnail_link"":""https:\/\/cdn3.evostore.io\/productimages\/dams\/m\/maestro25-bundles.jpg"",""image_large_link"":"""",""image_zoom_link"":""https:\/\/cdn3.evostore.io\/productimages\/dams\/l\/maestro25-bundles.jpg"",""image_view_link"":""https:\/\/cdn3.evostore.io\/productimages\/dams\/l\/maestro25-bundles.jpg""}];
                                $t_item.item_price_type = 0;
                                $t_item.item_price_unit = 1;
                                $t_item.modifiers = JSON.parse('null');

                                var obj_1356931 = JSON.parse(JSON.stringify($t_item));","Buy More & Save","Buy
                                  6
                                  or more for
                                  £160.00
                                  each","Buy
                                  3
                                  or more for
                                  £166.00
                                  each","https://eu.evocdn.io/dealer/1048/content/media/Multibuy-and-discountbanner-purple.svg"
"https://eu.evocdn.io/dealer/1048/content/media/badge-bestseller2.svg","https://www.officemonster.co.uk/pedestals/desk-high-3-drawer-pedestal-with-silver-handles-800mm-deep-walnut","https://cdn3.evostore.io/productimages/dams/l/r25dh8w.jpg","Desk high 3 drawer pedestal with silver handles 800mm deep - walnut","31","800mm extra deep three drawer desk high pedestal","RRP
                                    £455.00","62","£171.00","£205.20","Product Code: R25DH8W","$t_item = {};
                                $t_item.item_id = 1140896;
                                $t_item.item_sku = ""R25DH8W"";
                                $t_item.item_catalog_id = 1036;
                                $t_item.item_supplier_id = 1010;
                                $t_item.item_is_multiple = 0;
                                $t_item.item_minimum_order = 1;
                                $t_item.item_maximum_order = 0;
                                $t_item.item_is_contract = 0;
                                $t_item.item_name = ""Desk high 3 drawer pedestal with silver handles 800mm deep - walnut"";
                                $t_item.item_image_thumbnail_path = 'https://cdn3.evostore.io/productimages/dams/m/';
                                $t_item.item_image_thumbnail = 'r25dh8w.jpg';
                                $t_item.item_image_xl = '';
                                $t_item.item_image_xl_path = '';
                                $t_item.item_cost_center_id = 0;
                                $t_item.pack_uom = ""1"";
                                $t_item.item_department_id = 0;
                                $t_item.item_pack = ""1"";
                                $t_item.item_images = [{""title_image"":null,""image_thumbnail"":""m25hl-santana-home-office.jpg"",""image_thumbnail_path"":""https:\/\/cdn3.evostore.io\/productimages\/dams\/m\/"",""image"":""m25hl-santana-home-office.jpg"",""image_path"":""https:\/\/cdn3.evostore.io\/productimages\/dams\/l\/"",""image_large"":null,""image_large_path"":null,""image_link"":""https:\/\/cdn3.evostore.io\/productimages\/dams\/l\/m25hl-santana-home-office.jpg"",""thumbnail_link"":""https:\/\/cdn3.evostore.io\/productimages\/dams\/m\/m25hl-santana-home-office.jpg"",""image_large_link"":"""",""image_zoom_link"":""https:\/\/cdn3.evostore.io\/productimages\/dams\/l\/m25hl-santana-home-office.jpg"",""image_view_link"":""https:\/\/cdn3.evostore.io\/productimages\/dams\/l\/m25hl-santana-home-office.jpg""},{""title_image"":null,""image_thumbnail"":""maestro25-bundles.jpg"",""image_thumbnail_path"":""https:\/\/cdn3.evostore.io\/productimages\/dams\/m\/"",""image"":""maestro25-bundles.jpg"",""image_path"":""https:\/\/cdn3.evostore.io\/productimages\/dams\/l\/"",""image_large"":null,""image_large_path"":null,""image_link"":""https:\/\/cdn3.evostore.io\/productimages\/dams\/l\/maestro25-bundles.jpg"",""thumbnail_link"":""https:\/\/cdn3.evostore.io\/productimages\/dams\/m\/maestro25-bundles.jpg"",""image_large_link"":"""",""image_zoom_link"":""https:\/\/cdn3.evostore.io\/productimages\/dams\/l\/maestro25-bundles.jpg"",""image_view_link"":""https:\/\/cdn3.evostore.io\/productimages\/dams\/l\/maestro25-bundles.jpg""}];
                                $t_item.item_price_type = 0;
                                $t_item.item_price_unit = 1;
                                $t_item.modifiers = JSON.parse('null');

                                var obj_1356932 = JSON.parse(JSON.stringify($t_item));","Buy More & Save","Buy
                                  6
                                  or more for
                                  £160.00
                                  each","Buy
                                  3
                                  or more for
                                  £166.00
                                  each","https://eu.evocdn.io/dealer/1048/content/media/Multibuy-and-discountbanner-purple.svg"
"https://eu.evocdn.io/dealer/1048/content/media/badge-bestseller2.svg","https://www.officemonster.co.uk/pedestals/desk-high-3-drawer-pedestal-with-silver-handles-800mm-deep-white","https://cdn3.evostore.io/productimages/dams/l/r25dh8wh.jpg","Desk high 3 drawer pedestal with silver handles 800mm deep - white","28","800mm extra deep three drawer desk high pedestal","RRP
                                    £455.00","62","£171.00","£205.20","Product Code: R25DH8WH","$t_item = {};
                                $t_item.item_id = 1140897;
                                $t_item.item_sku = ""R25DH8WH"";
                                $t_item.item_catalog_id = 1036;
                                $t_item.item_supplier_id = 1010;
                                $t_item.item_is_multiple = 0;
                                $t_item.item_minimum_order = 1;
                                $t_item.item_maximum_order = 0;
                                $t_item.item_is_contract = 0;
                                $t_item.item_name = ""Desk high 3 drawer pedestal with silver handles 800mm deep - white"";
                                $t_item.item_image_thumbnail_path = 'https://cdn3.evostore.io/productimages/dams/m/';
                                $t_item.item_image_thumbnail = 'r25dh8wh.jpg';
                                $t_item.item_image_xl = '';
                                $t_item.item_image_xl_path = '';
                                $t_item.item_cost_center_id = 0;
                                $t_item.pack_uom = ""1"";
                                $t_item.item_department_id = 0;
                                $t_item.item_pack = ""1"";
                                $t_item.item_images = [{""title_image"":null,""image_thumbnail"":""m25hl-santana-home-office.jpg"",""image_thumbnail_path"":""https:\/\/cdn3.evostore.io\/productimages\/dams\/m\/"",""image"":""m25hl-santana-home-office.jpg"",""image_path"":""https:\/\/cdn3.evostore.io\/productimages\/dams\/l\/"",""image_large"":null,""image_large_path"":null,""image_link"":""https:\/\/cdn3.evostore.io\/productimages\/dams\/l\/m25hl-santana-home-office.jpg"",""thumbnail_link"":""https:\/\/cdn3.evostore.io\/productimages\/dams\/m\/m25hl-santana-home-office.jpg"",""image_large_link"":"""",""image_zoom_link"":""https:\/\/cdn3.evostore.io\/productimages\/dams\/l\/m25hl-santana-home-office.jpg"",""image_view_link"":""https:\/\/cdn3.evostore.io\/productimages\/dams\/l\/m25hl-santana-home-office.jpg""},{""title_image"":null,""image_thumbnail"":""maestro25-bundles.jpg"",""image_thumbnail_path"":""https:\/\/cdn3.evostore.io\/productimages\/dams\/m\/"",""image"":""maestro25-bundles.jpg"",""image_path"":""https:\/\/cdn3.evostore.io\/productimages\/dams\/l\/"",""image_large"":null,""image_large_path"":null,""image_link"":""https:\/\/cdn3.evostore.io\/productimages\/dams\/l\/maestro25-bundles.jpg"",""thumbnail_link"":""https:\/\/cdn3.evostore.io\/productimages\/dams\/m\/maestro25-bundles.jpg"",""image_large_link"":"""",""image_zoom_link"":""https:\/\/cdn3.evostore.io\/productimages\/dams\/l\/maestro25-bundles.jpg"",""image_view_link"":""https:\/\/cdn3.evostore.io\/productimages\/dams\/l\/maestro25-bundles.jpg""}];
                                $t_item.item_price_type = 0;
                                $t_item.item_price_unit = 1;
                                $t_item.modifiers = JSON.parse('null');

                                var obj_1356933 = JSON.parse(JSON.stringify($t_item));","Buy More & Save","Buy
                                  6
                                  or more for
                                  £160.00
                                  each","Buy
                                  3
                                  or more for
                                  £166.00
                                  each","https://eu.evocdn.io/dealer/1048/content/media/Multibuy-and-discountbanner-purple.svg"
"","https://www.officemonster.co.uk/pedestals/desk-high-3-drawer-pedestal-800mm-deep-with-800mm-flyover-top-beech","https://cdn3.evostore.io/productimages/dams/l/r25ep8b.jpg","Desk high 3 drawer pedestal 600mm deep with 800mm flyover top - beech","16","600mm deep pedestal with a flyover top to use as a return desk with straight desks","RRP
                                    £485.00","40","£290.00","£348.00","Product Code: R25EP8B","$t_item = {};
                                $t_item.item_id = 4835686;
                                $t_item.item_sku = ""R25EP8B"";
                                $t_item.item_catalog_id = 1036;
                                $t_item.item_supplier_id = 1010;
                                $t_item.item_is_multiple = 0;
                                $t_item.item_minimum_order = 1;
                                $t_item.item_maximum_order = 0;
                                $t_item.item_is_contract = 0;
                                $t_item.item_name = ""Desk high 3 drawer pedestal 600mm deep with 800mm flyover top - beech"";
                                $t_item.item_image_thumbnail_path = 'https://cdn3.evostore.io/productimages/dams/m/';
                                $t_item.item_image_thumbnail = 'r25ep8b.jpg';
                                $t_item.item_image_xl = '';
                                $t_item.item_image_xl_path = '';
                                $t_item.item_cost_center_id = 0;
                                $t_item.pack_uom = ""1"";
                                $t_item.item_department_id = 0;
                                $t_item.item_pack = ""1"";
                                $t_item.item_images = [{""title_image"":null,""image_thumbnail"":""extension-ped1.jpg"",""image_thumbnail_path"":""https:\/\/cdn3.evostore.io\/productimages\/dams\/m\/"",""image"":""extension-ped1.jpg"",""image_path"":""https:\/\/cdn3.evostore.io\/productimages\/dams\/l\/"",""image_large"":null,""image_large_path"":null,""image_link"":""https:\/\/cdn3.evostore.io\/productimages\/dams\/l\/extension-ped1.jpg"",""thumbnail_link"":""https:\/\/cdn3.evostore.io\/productimages\/dams\/m\/extension-ped1.jpg"",""image_large_link"":"""",""image_zoom_link"":""https:\/\/cdn3.evostore.io\/productimages\/dams\/l\/extension-ped1.jpg"",""image_view_link"":""https:\/\/cdn3.evostore.io\/productimages\/dams\/l\/extension-ped1.jpg""},{""title_image"":null,""image_thumbnail"":""r25ep-location-beech.jpg"",""image_thumbnail_path"":""https:\/\/cdn3.evostore.io\/productimages\/dams\/m\/"",""image"":""r25ep-location-beech.jpg"",""image_path"":""https:\/\/cdn3.evostore.io\/productimages\/dams\/l\/"",""image_large"":null,""image_large_path"":null,""image_link"":""https:\/\/cdn3.evostore.io\/productimages\/dams\/l\/r25ep-location-beech.jpg"",""thumbnail_link"":""https:\/\/cdn3.evostore.io\/productimages\/dams\/m\/r25ep-location-beech.jpg"",""image_large_link"":"""",""image_zoom_link"":""https:\/\/cdn3.evostore.io\/productimages\/dams\/l\/r25ep-location-beech.jpg"",""image_view_link"":""https:\/\/cdn3.evostore.io\/productimages\/dams\/l\/r25ep-location-beech.jpg""}];
                                $t_item.item_price_type = 0;
                                $t_item.item_price_unit = 1;
                                $t_item.modifiers = JSON.parse('null');

                                var obj_17461834 = JSON.parse(JSON.stringify($t_item));","","","",""
"","https://www.officemonster.co.uk/pedestals/desk-high-3-drawer-pedestal-800mm-deep-with-800mm-flyover-top-oak","https://cdn3.evostore.io/productimages/dams/l/r25ep8o.jpg","Desk high 3 drawer pedestal 600mm deep with 800mm flyover top - oak","33","600mm deep pedestal with a flyover top to use as a return desk with straight desks","RRP
                                    £485.00","40","£290.00","£348.00","Product Code: R25EP8O","$t_item = {};
                                $t_item.item_id = 4835688;
                                $t_item.item_sku = ""R25EP8O"";
                                $t_item.item_catalog_id = 1036;
                                $t_item.item_supplier_id = 1010;
                                $t_item.item_is_multiple = 0;
                                $t_item.item_minimum_order = 1;
                                $t_item.item_maximum_order = 0;
                                $t_item.item_is_contract = 0;
                                $t_item.item_name = ""Desk high 3 drawer pedestal 600mm deep with 800mm flyover top - oak"";
                                $t_item.item_image_thumbnail_path = 'https://cdn3.evostore.io/productimages/dams/m/';
                                $t_item.item_image_thumbnail = 'r25ep8o.jpg';
                                $t_item.item_image_xl = '';
                                $t_item.item_image_xl_path = '';
                                $t_item.item_cost_center_id = 0;
                                $t_item.pack_uom = ""1"";
                                $t_item.item_department_id = 0;
                                $t_item.item_pack = ""1"";
                                $t_item.item_images = [{""title_image"":null,""image_thumbnail"":""extension-ped1.jpg"",""image_thumbnail_path"":""https:\/\/cdn3.evostore.io\/productimages\/dams\/m\/"",""image"":""extension-ped1.jpg"",""image_path"":""https:\/\/cdn3.evostore.io\/productimages\/dams\/l\/"",""image_large"":null,""image_large_path"":null,""image_link"":""https:\/\/cdn3.evostore.io\/productimages\/dams\/l\/extension-ped1.jpg"",""thumbnail_link"":""https:\/\/cdn3.evostore.io\/productimages\/dams\/m\/extension-ped1.jpg"",""image_large_link"":"""",""image_zoom_link"":""https:\/\/cdn3.evostore.io\/productimages\/dams\/l\/extension-ped1.jpg"",""image_view_link"":""https:\/\/cdn3.evostore.io\/productimages\/dams\/l\/extension-ped1.jpg""},{""title_image"":null,""image_thumbnail"":""r25ep-location-oak.jpg"",""image_thumbnail_path"":""https:\/\/cdn3.evostore.io\/productimages\/dams\/m\/"",""image"":""r25ep-location-oak.jpg"",""image_path"":""https:\/\/cdn3.evostore.io\/productimages\/dams\/l\/"",""image_large"":null,""image_large_path"":null,""image_link"":""https:\/\/cdn3.evostore.io\/productimages\/dams\/l\/r25ep-location-oak.jpg"",""thumbnail_link"":""https:\/\/cdn3.evostore.io\/productimages\/dams\/m\/r25ep-location-oak.jpg"",""image_large_link"":"""",""image_zoom_link"":""https:\/\/cdn3.evostore.io\/productimages\/dams\/l\/r25ep-location-oak.jpg"",""image_view_link"":""https:\/\/cdn3.evostore.io\/productimages\/dams\/l\/r25ep-location-oak.jpg""}];
                                $t_item.item_price_type = 0;
                                $t_item.item_price_unit = 1;
                                $t_item.modifiers = JSON.parse('null');

                                var obj_17461836 = JSON.parse(JSON.stringify($t_item));","","","",""
"","https://www.officemonster.co.uk/pedestals/desk-high-3-drawer-pedestal-800mm-deep-with-800mm-flyover-top-walnut","https://cdn3.evostore.io/productimages/dams/l/r25ep8w.jpg","Desk high 3 drawer pedestal 600mm deep with 800mm flyover top - walnut","33","600mm deep pedestal with a flyover top to use as a return desk with straight desks","RRP
                                    £485.00","40","£290.00","£348.00","Product Code: R25EP8W","$t_item = {};
                                $t_item.item_id = 4835689;
                                $t_item.item_sku = ""R25EP8W"";
                                $t_item.item_catalog_id = 1036;
                                $t_item.item_supplier_id = 1010;
                                $t_item.item_is_multiple = 0;
                                $t_item.item_minimum_order = 1;
                                $t_item.item_maximum_order = 0;
                                $t_item.item_is_contract = 0;
                                $t_item.item_name = ""Desk high 3 drawer pedestal 600mm deep with 800mm flyover top - walnut"";
                                $t_item.item_image_thumbnail_path = 'https://cdn3.evostore.io/productimages/dams/m/';
                                $t_item.item_image_thumbnail = 'r25ep8w.jpg';
                                $t_item.item_image_xl = '';
                                $t_item.item_image_xl_path = '';
                                $t_item.item_cost_center_id = 0;
                                $t_item.pack_uom = ""1"";
                                $t_item.item_department_id = 0;
                                $t_item.item_pack = ""1"";
                                $t_item.item_images = [{""title_image"":null,""image_thumbnail"":""extension-ped1.jpg"",""image_thumbnail_path"":""https:\/\/cdn3.evostore.io\/productimages\/dams\/m\/"",""image"":""extension-ped1.jpg"",""image_path"":""https:\/\/cdn3.evostore.io\/productimages\/dams\/l\/"",""image_large"":null,""image_large_path"":null,""image_link"":""https:\/\/cdn3.evostore.io\/productimages\/dams\/l\/extension-ped1.jpg"",""thumbnail_link"":""https:\/\/cdn3.evostore.io\/productimages\/dams\/m\/extension-ped1.jpg"",""image_large_link"":"""",""image_zoom_link"":""https:\/\/cdn3.evostore.io\/productimages\/dams\/l\/extension-ped1.jpg"",""image_view_link"":""https:\/\/cdn3.evostore.io\/productimages\/dams\/l\/extension-ped1.jpg""},{""title_image"":null,""image_thumbnail"":""r25ep-location-walnut.jpg"",""image_thumbnail_path"":""https:\/\/cdn3.evostore.io\/productimages\/dams\/m\/"",""image"":""r25ep-location-walnut.jpg"",""image_path"":""https:\/\/cdn3.evostore.io\/productimages\/dams\/l\/"",""image_large"":null,""image_large_path"":null,""image_link"":""https:\/\/cdn3.evostore.io\/productimages\/dams\/l\/r25ep-location-walnut.jpg"",""thumbnail_link"":""https:\/\/cdn3.evostore.io\/productimages\/dams\/m\/r25ep-location-walnut.jpg"",""image_large_link"":"""",""image_zoom_link"":""https:\/\/cdn3.evostore.io\/productimages\/dams\/l\/r25ep-location-walnut.jpg"",""image_view_link"":""https:\/\/cdn3.evostore.io\/productimages\/dams\/l\/r25ep-location-walnut.jpg""}];
                                $t_item.item_price_type = 0;
                                $t_item.item_price_unit = 1;
                                $t_item.modifiers = JSON.parse('null');

                                var obj_17461837 = JSON.parse(JSON.stringify($t_item));","","","",""
"","https://www.officemonster.co.uk/pedestals/desk-high-3-drawer-pedestal-800mm-deep-with-800mm-flyover-top-white","https://cdn3.evostore.io/productimages/dams/l/r25ep8wh.jpg","Desk high 3 drawer pedestal 600mm deep with 800mm flyover top - white","25","600mm deep pedestal with a flyover top to use as a return desk with straight desks","RRP
                                    £485.00","40","£290.00","£348.00","Product Code: R25EP8WH","$t_item = {};
                                $t_item.item_id = 4835690;
                                $t_item.item_sku = ""R25EP8WH"";
                                $t_item.item_catalog_id = 1036;
                                $t_item.item_supplier_id = 1010;
                                $t_item.item_is_multiple = 0;
                                $t_item.item_minimum_order = 1;
                                $t_item.item_maximum_order = 0;
                                $t_item.item_is_contract = 0;
                                $t_item.item_name = ""Desk high 3 drawer pedestal 600mm deep with 800mm flyover top - white"";
                                $t_item.item_image_thumbnail_path = 'https://cdn3.evostore.io/productimages/dams/m/';
                                $t_item.item_image_thumbnail = 'r25ep8wh.jpg';
                                $t_item.item_image_xl = '';
                                $t_item.item_image_xl_path = '';
                                $t_item.item_cost_center_id = 0;
                                $t_item.pack_uom = ""1"";
                                $t_item.item_department_id = 0;
                                $t_item.item_pack = ""1"";
                                $t_item.item_images = [{""title_image"":null,""image_thumbnail"":""extension-ped1.jpg"",""image_thumbnail_path"":""https:\/\/cdn3.evostore.io\/productimages\/dams\/m\/"",""image"":""extension-ped1.jpg"",""image_path"":""https:\/\/cdn3.evostore.io\/productimages\/dams\/l\/"",""image_large"":null,""image_large_path"":null,""image_link"":""https:\/\/cdn3.evostore.io\/productimages\/dams\/l\/extension-ped1.jpg"",""thumbnail_link"":""https:\/\/cdn3.evostore.io\/productimages\/dams\/m\/extension-ped1.jpg"",""image_large_link"":"""",""image_zoom_link"":""https:\/\/cdn3.evostore.io\/productimages\/dams\/l\/extension-ped1.jpg"",""image_view_link"":""https:\/\/cdn3.evostore.io\/productimages\/dams\/l\/extension-ped1.jpg""},{""title_image"":null,""image_thumbnail"":""r25ep-location-white.jpg"",""image_thumbnail_path"":""https:\/\/cdn3.evostore.io\/productimages\/dams\/m\/"",""image"":""r25ep-location-white.jpg"",""image_path"":""https:\/\/cdn3.evostore.io\/productimages\/dams\/l\/"",""image_large"":null,""image_large_path"":null,""image_link"":""https:\/\/cdn3.evostore.io\/productimages\/dams\/l\/r25ep-location-white.jpg"",""thumbnail_link"":""https:\/\/cdn3.evostore.io\/productimages\/dams\/m\/r25ep-location-white.jpg"",""image_large_link"":"""",""image_zoom_link"":""https:\/\/cdn3.evostore.io\/productimages\/dams\/l\/r25ep-location-white.jpg"",""image_view_link"":""https:\/\/cdn3.evostore.io\/productimages\/dams\/l\/r25ep-location-white.jpg""}];
                                $t_item.item_price_type = 0;
                                $t_item.item_price_unit = 1;
                                $t_item.modifiers = JSON.parse('null');

                                var obj_17461838 = JSON.parse(JSON.stringify($t_item));","","","",""